{
  "best_reward": -1.1089052083351159,
  "best_parameters": {
    "W_M0": 2.6695586926683026,
    "L_M0": 0.8708626461864318,
    "M_M0": 78,
    "W_M8": 8.758140688193281,
    "L_M8": 0.42002497137268424,
    "M_M8": 75,
    "W_M10": 6.703398638859377,
    "L_M10": 0.9275694158996945,
    "M_M10": 40,
    "W_M11": 9.683425775388898,
    "L_M11": 0.7376775676463364,
    "M_M11": 51,
    "W_M17": 1.4637262510612898,
    "L_M17": 0.7466855925028169,
    "M_M17": 11,
    "W_M21": 3.2339024966764174,
    "L_M21": 0.45771099626898115,
    "M_M21": 43,
    "W_M23": 8.16921088138505,
    "L_M23": 0.7130012679954085,
    "M_M23": 95,
    "Ib": 3.988940040566894e-05,
    "C0": 91.33235056037411,
    "C1": 10.251843541536152
  },
  "num_evaluations": 100,
  "stopped_early": false,
  "time_elapsed_sec": 593.78
}